code,description,label,quantity,unit,grams,volume_ml,parse_status,raw_header,source_url
BRC0292A,"Sanduíche, hambúrguer bovino* grelhado (c/ pão hambúrguer*), c/ ovo frito* (c/ sal) e maionese, Brasil,",,200.0,g,200.0,,missing_label,(200 g),https://www.tbca.net.br/base-dados-en/int_food_composition_2_edit.php?cod_produto=BRC0292A
BRC0292B,"Batata, inglesa, cozida, s/ casca, c/ molho branco (leite, farinha de trigo e manteiga), s/ sal, Solanum tuberosum L.",Spoon serving full,60.0,g,60.0,,ok,Spoon serving full (60 g),https://www.tbca.net.br/base-dados-en/int_food_composition_2_edit.php?cod_produto=BRC0292B
BRC0292B,"Batata, inglesa, cozida, s/ casca, c/ molho branco (leite, farinha de trigo e manteiga), s/ sal, Solanum tuberosum L.",Spoon serve shallow,40.0,g,40.0,,ok,Spoon serve shallow (40 g),https://www.tbca.net.br/base-dados-en/int_food_composition_2_edit.php?cod_produto=BRC0292B
BRC0292B,"Batata, inglesa, cozida, s/ casca, c/ molho branco (leite, farinha de trigo e manteiga), s/ sal, Solanum tuberosum L.",Full soup spoon,30.0,g,30.0,,ok,Full soup spoon (30 g),https://www.tbca.net.br/base-dados-en/int_food_composition_2_edit.php?cod_produto=BRC0292B
BRC0292B,"Batata, inglesa, cozida, s/ casca, c/ molho branco (leite, farinha de trigo e manteiga), s/ sal, Solanum tuberosum L.",Full skimmer,80.0,g,80.0,,ok,Full skimmer (80 g),https://www.tbca.net.br/base-dados-en/int_food_composition_2_edit.php?cod_produto=BRC0292B
BRC0292B,"Batata, inglesa, cozida, s/ casca, c/ molho branco (leite, farinha de trigo e manteiga), s/ sal, Solanum tuberosum L.",Shallow skimmer,50.0,g,50.0,,ok,Shallow skimmer (50 g),https://www.tbca.net.br/base-dados-en/int_food_composition_2_edit.php?cod_produto=BRC0292B
BRC0292C,"Camu-camu, in natura , Brasil, Myrciaria dubia",,15.0,g,15.0,,missing_label,(15 g),https://www.tbca.net.br/base-dados-en/int_food_composition_2_edit.php?cod_produto=BRC0292C
BRC0292C,"Camu-camu, in natura , Brasil, Myrciaria dubia",,120.0,g,120.0,,missing_label,(120 g),https://www.tbca.net.br/base-dados-en/int_food_composition_2_edit.php?cod_produto=BRC0292C
BRC0292E,"Frutos do mar com legumes, c/ sal, (frutos do mar - camarão, lula, mexilhão e polvo, legumes - cenoura, vagem, couve-flor, brócolis e champginon paris, tomate, pimentão, salsa, suco de limão, c/ óleo, cebola e alho, c/ pimenta-do-reino, c/ sal),",Spoon serving full,45.0,g,45.0,,ok,Spoon serving full (45 g),https://www.tbca.net.br/base-dados-en/int_food_composition_2_edit.php?cod_produto=BRC0292E
BRC0292E,"Frutos do mar com legumes, c/ sal, (frutos do mar - camarão, lula, mexilhão e polvo, legumes - cenoura, vagem, couve-flor, brócolis e champginon paris, tomate, pimentão, salsa, suco de limão, c/ óleo, cebola e alho, c/ pimenta-do-reino, c/ sal),",Spoon serving full,60.0,g,60.0,,ok,Spoon serving full (60 g),https://www.tbca.net.br/base-dados-en/int_food_composition_2_edit.php?cod_produto=BRC0292E
BRC0292F,"Carne, boi, contra-filé, à milanesa (farinha de trigo, ovo e farinha de rosca, frita em imersão), c/ sal,",Piece/ Unit/ Slice (M),110.0,g,110.0,,ok,Piece/ Unit/ Slice (M) (110 g),https://www.tbca.net.br/base-dados-en/int_food_composition_2_edit.php?cod_produto=BRC0292F
BRC0292L,"Bebida, café, solúvel, em pó, descafeinado (dado importado),",,1.5,g,1.5,,missing_label,(1.5 g),https://www.tbca.net.br/base-dados-en/int_food_composition_2_edit.php?cod_produto=BRC0292L
BRC0292N,"Papa de maçã, abacaxi, e pera, s/ açúcar,",Spoon serving full,55.0,g,55.0,,ok,Spoon serving full (55 g),https://www.tbca.net.br/base-dados-en/int_food_composition_2_edit.php?cod_produto=BRC0292N
